index,bpm,probability,time,downbeat
0,149.76857,0.934166849,0.0614512472,true
1,149.76857,0.934194446,0.261768707,false
2,149.76857,0.934469342,0.462086168,false
3,149.76857,0.934447765,0.662403628,false
4,149.76857,0.934732676,0.862857143,false
5,149.780563,0.934824169,1.06331066,false
6,149.794662,0.93510288,1.26385488,false
7,149.817337,0.935393751,1.46435374,false
8,149.839828,0.935835779,1.66482993,true
9,149.86261,0.935905397,1.86526077,false
10,149.883469,0.936355412,2.06564626,false
11,149.904144,0.93682605,2.26600907,false
12,149.925323,0.937330186,2.46634921,false
13,149.946686,0.937865436,2.66664399,false
14,149.966934,0.938382685,2.86689342,false
15,149.98555,0.938457549,3.06709751,false
16,150.002289,0.9391433,3.26725624,true
17,150.016602,0.939708292,3.46736961,false
18,150.029144,0.94036293,3.66741497,false
19,150.037491,0.941004395,3.86741497,false
20,150.042175,0.941567957,4.06739229,false
21,150.046188,0.942048788,4.26746032,false
22,150.057327,0.942710817,4.46743764,false
23,150.062042,0.943270922,4.66748299,false
24,150.072784,0.943769753,4.86759637,true
25,150.090668,0.94389379,5.06764172,false
26,150.105042,0.944385529,5.26761905,false
27,150.116119,0.944839299,5.46752834,false
28,150.123047,0.945563376,5.66739229,false
29,150.126862,0.946287513,5.86732426,false
30,150.136261,0.946732938,6.06721088,false
31,150.143661,0.947464347,6.26707483,false
32,150.149399,0.948159158,6.4669161,true
33,150.153381,0.948912382,6.66668934,false
34,150.152878,0.949622571,6.86657596,false
35,150.161301,0.950226963,7.06643991,false
36,150.168243,0.950928509,7.26623583,false
37,150.170059,0.951619148,7.46596372,false
38,150.167114,0.952364326,7.66580499,false
39,150.17363,0.95305866,7.86573696,false
40,150.187576,0.953773677,8.06562358,true
41,150.19899,0.954379976,8.26544218,false
42,150.206772,0.955054283,8.46519274,false
43,150.210434,0.955723822,8.66503401,false
44,150.221512,0.956383824,8.86482993,false
45,150.230392,0.956886113,9.06471655,false
46,150.247467,0.957505047,9.26453515,false
47,150.260941,0.958054364,9.46430839,false
48,150.272202,0.958673596,9.66403628,true
49,150.280731,0.959093571,9.86371882,false
50,150.286789,0.959568977,10.063356,false
51,150.289703,0.960174859,10.2629478,false
52,150.289261,0.960759521,10.462517,false
53,150.286407,0.961324632,10.6620408,false
54,150.279266,0.961855531,10.8615193,false
55,150.26683,0.962373316,11.0609751,false
56,150.252609,0.962860703,11.2604989,true
57,150.242035,0.963282824,11.4599773,false
58,150.226562,0.963824749,11.6594104,false
59,150.206177,0.964198947,11.8588209,false
60,150.181564,0.964712381,12.0582086,false
61,150.150864,0.96496129,12.2576417,false
62,150.120789,0.96516037,12.4571655,false
63,150.094803,0.965378702,12.6567574,false
64,150.072983,0.965601921,12.8563492,true
65,150.047592,0.965804994,13.0560317,false
66,150.027542,0.965676546,13.2557143,false
67,150.004486,0.966064274,13.4553968,false
68,149.979401,0.96526891,13.6550794,false
69,149.951904,0.964368463,13.8547619,false
70,149.9207,0.964859307,14.0546485,false
71,149.903641,0.965001166,14.2545805,false
72,149.888031,0.965010941,14.4546712,true
73,149.884644,0.965213835,14.6548073,false
74,149.883911,0.96552068,14.8549433,false
75,149.883911,0.965484381,15.0552608,false
76,149.896774,0.965597391,15.2555329,false
77,149.908081,0.964285851,15.4557823,false
78,149.919113,0.96476531,15.6561451,false
79,149.941956,0.965164959,15.8564399,false
80,149.960205,0.965242267,16.056712,true
81,149.979034,0.965124428,16.25678,false
82,149.982925,0.964990616,16.4568027,false
83,149.982925,0.964884102,16.656644,false
84,149.966766,0.964413464,16.856576,false
85,149.957428,0.963839293,17.0564626,false
86,149.944748,0.964318931,17.2564626,false
87,149.939331,0.964248896,17.4564853,false
88,149.936356,0.964214325,17.6565533,true
89,149.935394,0.964454651,17.8567347,false
90,149.944183,0.96439141,18.0568027,false
91,149.944183,0.9646191,18.2567574,false
92,149.933136,0.963946581,18.4566893,false
93,149.920212,0.963473022,18.6565986,false
94,149.904739,0.963987648,18.856712,false
95,149.903625,0.964116812,19.0568254,false
96,149.9039,0.964303493,19.2570295,true
97,149.910812,0.964624584,19.4572336,false
98,149.919113,0.96500659,19.6573243,false
99,149.919113,0.964825511,19.8573243,false
100,149.910141,0.96419543,20.0573469,false
101,149.902573,0.963836253,20.2573243,false
102,149.891525,0.964343488,20.4574376,false
103,149.890533,0.964686751,20.6576871,false
104,149.899902,0.964554965,20.8579592,true
105,149.911438,0.964435995,21.0582086,false
106,149.923309,0.964537382,21.2582993,false
107,149.923309,0.964783669,21.4584354,false
108,149.925629,0.964540601,21.6586395,false
109,149.935181,0.964089394,21.8588662,false
110,149.948151,0.964620292,22.0591837,false
111,149.968903,0.964690626,22.2594785,false
112,149.990982,0.965130448,22.4597279,true
113,150.011719,0.965215981,22.6598639,false
114,150.024811,0.965367198,22.8598186,false
115,150.024811,0.965391755,23.0597732,false
116,150.022751,0.965183616,23.2596825,false
117,150.01886,0.965250611,23.4597279,false
118,150.026276,0.965760171,23.6599093,false
119,150.045395,0.966005087,23.860068,false
120,150.06488,0.966264248,24.0602721,true
121,150.089355,0.965846241,24.2603628,false
122,150.107574,0.966181576,24.4602041,false
123,150.107574,0.96633172,24.66,false
124,150.102295,0.966544092,24.8597279,false
125,150.092285,0.966361701,25.0593878,false
126,150.075897,0.966822028,25.2590476,false
127,150.057678,0.967081666,25.4587982,false
128,150.044968,0.966991425,25.6586168,true
129,150.036041,0.966999769,25.8586848,false
130,150.046463,0.967035592,26.0586168,false
131,150.046463,0.967140794,26.2584807,false
132,150.039993,0.966777325,26.4582766,false
133,150.027603,0.965789437,26.6580499,false
134,150.012009,0.966248274,26.8579819,false
135,150.00824,0.966234863,27.0578912,false
136,150.00293,0.966354728,27.2577551,true
137,149.993546,0.966518283,27.4577551,false
138,149.994522,0.966897845,27.6577551,false
139,149.994522,0.966778755,27.8577778,false
140,149.995193,0.965932131,28.0577778,false
141,149.995789,0.965246439,28.2577324,false
142,149.992661,0.965686083,28.4575964,false
143,149.981934,0.965692699,28.657619,false
144,149.983017,0.965510845,28.8576871,true
145,149.988113,0.96528542,29.0577778,false
146,149.995346,0.965205073,29.2577778,false
147,149.995346,0.965248764,29.4577778,false
148,149.993408,0.96468389,29.6577098,false
149,149.988297,0.964377522,29.8576644,false
150,149.984177,0.964848936,30.0576871,false
151,149.985275,0.96481663,30.2577551,false
152,149.990112,0.965249538,30.4578005,true
153,149.993942,0.964792848,30.6579365,false
154,150.00473,0.965212762,30.8579138,false
155,150.00473,0.965091884,31.0577098,false
156,149.987885,0.964399636,31.2574603,false
157,149.966309,0.964066625,31.4573923,false
158,149.957474,0.964532077,31.6573469,false
159,149.949905,0.964956224,31.857483,false
160,149.956131,0.964745104,32.0576644,true
161,149.96759,0.964697182,32.2578458,false
162,149.979309,0.964508951,32.4578685,false
163,149.979309,0.9645226,32.6577551,false
164,149.967194,0.963677585,32.8578005,false
165,149.969116,0.963363171,33.0578912,false
166,149.973709,0.963834584,33.2579819,false
167,149.97908,0.964026451,33.4580726,false
168,149.985565,0.963816941,33.658254,true
169,149.999954,0.96424073,33.8584127,false
170,150.013916,0.963948667,34.05839,false
171,150.013931,0.964047432,34.2582993,false
172,150.007751,0.963698149,34.4581179,false
173,149.995285,0.962560177,34.6579592,false
174,149.982269,0.963045239,34.8580726,false
175,149.989868,0.962790489,35.0582086,false
176,150.001236,0.963211238,35.2582993,true
177,150.009445,0.963456571,35.4582993,false
178,150.012344,0.963254452,35.6582766,false
179,150.012344,0.963259161,35.8580726,false
180,149.995285,0.962625146,36.0578231,false
181,149.97522,0.962164342,36.2577324,false
182,149.965759,0.962673187,36.4577778,false
183,149.966766,0.962949336,36.6578685,false
184,149.972244,0.963014722,36.8580272,true
185,149.983246,0.963083327,37.0581633,false
186,149.993713,0.963214993,37.2581633,false
187,149.993698,0.963282585,37.4582993,false
188,150.003494,0.962800562,37.6583673,false
189,150.010376,0.963258743,37.8584807,false
190,150.021637,0.963678002,38.0585714,false
191,150.03212,0.963606775,38.2586168,false
192,150.040573,0.963049769,38.4586395,true
193,150.04718,0.962128639,38.6585714,false
194,150.04718,0.962008178,38.8585261,false
195,150.04718,0.961984396,39.0584127,false
196,150.042007,0.96209842,39.258322,false
197,150.040527,0.961889863,39.4582313,false
198,150.038177,0.962398052,39.6581179,false
199,150.033768,0.962524712,39.8580045,false
200,150.029755,0.962751389,40.0578912,true
201,150.024048,0.962371707,40.2579819,false
202,150.035339,0.962308228,40.4579138,false
203,150.035339,0.962465703,40.6578005,false
204,150.028961,0.962699115,40.8576871,false
205,150.024002,0.962335765,41.0575283,false
206,150.015121,0.962845087,41.2574603,false
207,150.011871,0.962999165,41.4573923,false
208,150.007843,0.963453233,41.6572789,true
209,149.999878,0.963200569,41.8573923,false
210,150.009872,0.963566244,42.0573696,false
211,150.009872,0.963905036,42.2571429,false
212,149.991028,0.962954938,42.4568481,false
213,149.966599,0.961933196,42.6567347,false
214,149.954712,0.962469876,42.8567347,false
215,149.950684,0.962877274,43.0568481,false
216,149.956299,0.963206589,43.2568934,true
217,149.95636,0.963401973,43.4569841,false
218,149.959885,0.963302195,43.6570295,false
219,149.959885,0.963389575,43.8570295,false
220,149.954987,0.96314615,44.0569615,false
221,149.944809,0.962690651,44.2569615,false
222,149.940308,0.963194013,44.4571882,false
223,149.953812,0.963383257,44.6574376,false
224,149.969452,0.963788688,44.8576644,true
225,149.985214,0.963500679,45.0578231,false
226,149.996979,0.96342355,45.2578231,false
227,149.996979,0.963617802,45.4577551,false
228,149.989716,0.962833345,45.6576417,false
229,149.980225,0.96241796,45.8576644,false
230,149.981232,0.962957084,46.0578005,false
231,149.991959,0.963466227,46.2579592,false
232,150.005264,0.963782787,46.4580952,true
233,150.017242,0.963185191,46.6582313,false
234,150.031036,0.96331656,46.8581859,false
235,150.031036,0.963736832,47.0581633,false
236,150.031052,0.96367079,47.2581859,false
237,150.035782,0.963066399,47.4581406,false
238,150.037155,0.963620245,47.6581633,false
239,150.043182,0.964114904,47.8581633,false
240,150.048309,0.96412617,48.058254,true
241,150.062698,0.963652372,48.258254,false
242,150.070053,0.964200556,48.4581179,false
243,150.068298,0.964618742,48.6580045,false
244,150.066467,0.964561701,48.8578005,false
245,150.058426,0.96436727,49.0576417,false
246,150.05217,0.964933157,49.2575283,false
247,150.0495,0.96510011,49.457551,false
248,150.057922,0.965295017,49.6576644,true
249,150.07399,0.965641558,49.8576871,false
250,150.085861,0.965841591,50.057551,false
251,150.085861,0.966332614,50.2572336,false
252,150.067261,0.966492653,50.4568707,false
253,150.04483,0.965818226,50.6564853,false
254,150.01825,0.966407359,50.8562358,false
255,150.0009,0.966594994,51.0559864,false
256,149.981674,0.967167079,51.2558503,true
257,149.968597,0.967714906,51.455873,false
258,149.967606,0.967923999,51.6558957,false
259,149.967606,0.96844095,51.8557596,false
260,149.95134,0.96850723,52.0555782,false
261,149.932236,0.968225002,52.2555556,false
262,149.923141,0.968767941,52.4556463,false
263,149.923691,0.96904403,52.6557823,false
264,149.926605,0.969546556,52.8560544,true
265,149.94223,0.969648361,53.0562358,false
266,149.951035,0.970100701,53.2562812,false
267,149.951019,0.970507562,53.4562358,false
268,149.941116,0.970388174,53.6561451,false
269,149.927338,0.969828427,53.8561678,false
270,149.922043,0.970323324,54.0563265,false
271,149.92691,0.970426083,54.256576,false
272,149.940796,0.970680594,54.4567574,true
273,149.950348,0.970744133,54.6568707,false
274,149.955704,0.970869243,54.8569161,false
275,149.955688,0.970993757,55.0570068,false
276,149.957077,0.970915318,55.2570748,false
277,149.958664,0.970381737,55.4570975,false
278,149.955994,0.970908463,55.6572336,false
279,149.96315,0.971256435,55.8573923,false
280,149.972763,0.971581459,56.057551,true
281,149.984833,0.971874535,56.2576417,false
282,149.99144,0.971990883,56.4576417,false
283,149.99144,0.972302079,56.6576417,false
284,149.988907,0.972248554,56.8575737,false
285,149.983307,0.972201467,57.057551,false
286,149.981033,0.97265923,57.2577324,false
287,149.99498,0.972912312,57.4579365,false
288,150.01297,0.973187327,57.6581179,true
289,150.031235,0.973148465,57.8582313,false
290,150.045776,0.973186672,58.0581633,false
291,150.045792,0.973579407,58.2581179,false
292,150.046814,0.973140478,58.4580045,false
293,150.043091,0.973103523,58.6578231,false
294,150.033569,0.973496735,58.8577098,false
295,150.027863,0.97361815,59.0575964,false
296,150.021591,0.973868728,59.257619,true
297,150.027588,0.973523617,59.4577098,false
298,150.039429,0.973913729,59.6576417,false
299,150.039413,0.97413367,59.857551,false
300,150.03598,0.974524558,60.0574376,false
301,150.031662,0.974257469,60.2573016,false
302,150.024231,0.974651217,60.4571429,false
303,150.015259,0.974741161,60.6568934,false
304,149.997589,0.974877357,60.8566213,true
305,149.975388,0.974915087,61.0566893,false
306,149.978806,0.975306809,61.256712,false
307,149.978806,0.975496531,61.4566893,false
308,149.974747,0.975484431,61.6566893,false
309,149.972275,0.975487113,61.8566667,false
310,149.968521,0.975881338,62.0567574,false
311,149.973358,0.976064265,62.2569841,false
312,149.989731,0.976218522,62.4572109,true
313,150.00882,0.976155043,62.6573696,false
314,150.023788,0.976317942,62.8573243,false
315,150.023788,0.976710916,63.0571882,false
316,150.013916,0.976678252,63.2569841,false
317,149.999222,0.97636801,63.4567347,false
318,149.980057,0.976762593,63.6565079,false
319,149.960281,0.976878226,63.8562812,false
320,149.938477,0.977005184,64.0562358,true
321,149.928268,0.97701931,64.2563265,false
322,149.929733,0.977412283,64.4564172,false
323,149.929749,0.977505982,64.6564399,false
324,149.924026,0.977571428,64.8564853,false
325,149.920792,0.97753042,65.056576,false
326,149.920517,0.977925479,65.256712,false
327,149.924454,0.978097141,65.4570068,false
328,149.940735,0.978490531,65.6573243,true
329,149.961975,0.978796959,65.8575283,false
330,149.976547,0.979003966,66.057551,false
331,149.976532,0.979295075,66.2574376,false
332,149.962997,0.978993535,66.4573016,false
333,149.948318,0.979048669,66.6573243,false
334,149.945358,0.979444325,66.8575283,false
335,149.95665,0.979551613,67.0577324,false
336,149.969131,0.97986573,67.2578912,true
337,149.980255,0.979995489,67.4580952,false
338,149.996017,0.980367005,67.6580952,false
339,149.996017,0.980745494,67.8581179,false
340,149.996658,0.980900288,68.0581179,false
341,149.997986,0.980852187,68.258254,false
342,150.009109,0.981248617,68.4584807,false
343,150.030334,0.98164165,68.6588435,false
344,150.065521,0.981981158,68.8591156,true
345,150.095551,0.982255995,69.0592063,false
346,150.113953,0.982616782,69.2590476,false
347,150.113953,0.982863843,69.4587528,false
348,150.101013,0.983157694,69.6585714,false
349,150.098511,0.983363926,69.8585034,false
350,150.104065,0.983761311,70.0585714,false
351,150.12149,0.984144151,70.2587528,false
352,150.151566,0.984513521,70.4590249,true
353,150.192352,0.984836638,70.6590476,false
354,150.216812,0.985089004,70.8587528,false
355,150.216812,0.985445917,71.0580499,false
356,150.181046,0.985729516,71.2574376,false
357,150.15126,0.985728145,71.4569615,false
358,150.128418,0.986126542,71.656644,false
359,150.116684,0.98652488,71.8563265,false
360,150.103668,0.986893892,72.0559184,true
361,150.082443,0.987191796,72.2558503,false
362,150.086243,0.987465978,72.4557143,false
363,150.086243,0.987787843,72.6551474,false
364,150.047256,0.987898827,72.8547166,false
365,150.018326,0.987831891,73.0544218,false
366,149.997589,0.988231122,73.2543084,false
367,149.988541,0.98862195,73.454263,false
368,149.983627,0.988999903,73.6543084,true
369,149.986847,0.989385486,73.8543311,false
370,149.988312,0.989745438,74.0543311,false
371,149.988312,0.990127742,74.2541043,false
372,149.967621,0.990527868,74.4540816,false
373,149.962585,0.990697563,74.6538322,false
374,149.938797,0.991097927,74.8538322,false
375,149.933868,0.99149847,75.0537415,false
376,149.919174,0.991899133,75.2538322,true
377,149.919174,0.992289364,75.4536281,false
378,149.89296,0.992690384,75.6537642,false
379,149.89296,0.993091583,75.8539229,false
380,149.89296,0.993491352,76.0534694,false
381,149.842316,0.993482232,76.2533107,false
382,149.812347,0.993883729,76.45322,false
383,149.785004,0.994280696,76.65322,false
384,149.76268,0.994667649,76.853356,true
385,149.749146,0.995057821,77.0541497,false
386,149.787613,0.995419323,77.2553061,false
387,149.861343,0.995807111,77.4566893,false
388,149.96199,0.995978296,77.6583673,false
389,150.097733,0.996199667,77.8598413,false
390,150.232025,0.996602297,78.0605896,false
391,150.321686,0.9922207,78.2601587,false
392,150.321686,0.9922207,78.4597279,true
393,150.356827,0.996766031,78.6592971,false
394,150.406662,0.996379793,78.85839,false
395,150.466431,0.9962008,79.0572562,false
396,150.540878,0.996122599,79.2559184,false
397,150.59169,0.995720208,79.4543084,false
398,150.607712,0.995369971,79.6529025,false
399,150.583282,0.994968832,79.8519048,false
400,150.583282,0.9945876,80.0514059,true
401,150.54245,0.994187593,80.2506122,false
402,150.467407,0.993796945,80.4503628,false
403,150.467407,0.993403554,80.6506349,false
404,150.469757,0.993180156,80.85,false
405,150.452087,0.992778957,81.0493424,false
406,150.40184,0.992388844,81.2489342,false
407,150.335739,0.991996348,81.4489796,false
408,150.335739,0.991610348,81.6493197,true
409,150.323746,0.991266668,81.8488662,false
410,150.295425,0.990869105,82.0485714,false
411,150.249939,0.990468919,82.2485034,false
412,150.200333,0.990214288,82.4487075,false
413,150.142349,0.989814281,82.6490249,false
414,150.069046,0.989424646,82.8495238,false
415,150.008728,0.98902899,83.0502948,false
416,150.008713,0.988636851,83.2509977,true
417,150.005737,0.988288522,83.4509751,false
418,149.994095,0.987897336,83.6509977,false
419,149.970383,0.987598717,83.8511338,false
420,149.953751,0.987550139,84.0514512,false
421,149.929413,0.987151206,84.2517007,false
422,149.903702,0.986850977,84.4520862,false
423,149.868881,0.986483216,84.652517,false
424,149.868881,0.986126542,84.8531066,true
425,149.861328,0.985787034,85.0532653,false
426,149.852783,0.985388815,85.2535374,false
427,149.836639,0.985312343,85.4538322,false
428,149.809601,0.985198677,85.6542404,false
429,149.787155,0.984800696,85.8548073,false
430,149.775269,0.984439909,86.0553515,false
431,149.780182,0.984279513,86.2557823,false
432,149.780182,0.983973205,86.4560091,true
433,149.77037,0.983576655,86.6562812,false
434,149.764938,0.983362794,86.8566893,false
435,149.753662,0.983392179,87.0570522,false
436,149.735306,0.983329892,87.2575057,false
437,149.716141,0.982932687,87.4580726,false
438,149.710129,0.982536733,87.6586621,false
439,149.724579,0.982225537,87.8591156,false
440,149.724579,0.981884122,88.0592971,true
441,149.727203,0.981488764,88.2596599,false
442,149.733124,0.981164098,88.4599773,false
443,149.723923,0.98103261,88.6602494,false
444,149.721695,0.980824411,88.8607256,false
445,149.728271,0.980428219,89.0611111,false
446,149.752029,0.980231941,89.2613832,false
447,149.799988,0.980018198,89.4614286,false
448,149.799988,0.979622841,89.6611111,true
449,149.795868,0.979282975,89.8613605,false
450,149.799316,0.978937089,90.061678,false
451,149.806854,0.978690505,90.2618821,false
452,149.817383,0.978405774,90.4620408,false
453,149.831558,0.978010535,90.6621542,false
454,149.859344,0.977676809,90.8621995,false
455,149.909912,0.977347553,91.0620408,false
456,149.909912,0.977613449,91.261542,true
457,149.91539,0.977402985,91.4616553,false
458,149.91626,0.977119446,91.6617007,false
459,149.919418,0.976941049,91.8617914,false
460,149.919937,0.976682723,92.0618594,false
461,149.92807,0.976288199,92.2619501,false
462,149.951385,0.975988746,92.4619274,false
463,149.994293,0.975710809,92.6617007,false
464,149.994293,0.97603488,92.8611791,true
465,150.00238,0.975779593,93.0611791,false
466,150.016251,0.975469053,93.2610658,false
467,150.01947,0.975340068,93.4608617,false
468,150.01651,0.975130439,93.6607937,false
469,150.007324,0.974736512,93.8607937,false
470,150.011475,0.974346697,94.0608844,false
471,150.036255,0.97401911,94.2608163,false
472,150.036255,0.973850071,94.4604535,true
473,150.042313,0.973515689,94.6603855,false
474,150.051254,0.973140299,94.8602494,false
475,150.064224,0.97308594,95.060068,false
476,150.068039,0.972966552,95.2598186,false
477,150.070145,0.972530782,95.4596599,false
478,150.074692,0.972124696,95.6595238,false
479,150.089081,0.971820891,95.8593651,false
480,150.089066,0.971658647,96.0590703,true
481,150.082153,0.971156061,96.2589342,false
482,150.078888,0.970779061,96.4588889,false
483,150.078979,0.971226215,96.6588209,false
484,150.08046,0.97148174,96.8587075,false
485,150.086151,0.971014678,97.0585714,false
486,150.100647,0.970518649,97.2583673,false
487,150.11705,0.970388353,97.4580499,false
488,150.11705,0.970314562,97.6576871,true
489,150.117233,0.970217407,97.8575283,false
490,150.115219,0.969894171,98.0573696,false
491,150.114517,0.969944417,98.2572336,false
492,150.114563,0.970544696,98.4570748,false
493,150.112381,0.970091522,98.6569161,false
494,150.108444,0.970037818,98.85678,false
495,150.115005,0.969776928,99.0566667,false
496,150.115021,0.96971494,99.2564399,true
497,150.114197,0.969633698,99.4562812,false
498,150.117371,0.969389737,99.6561224,false
499,150.122406,0.969758689,99.8559184,false
500,150.124664,0.970204234,100.055692,false
501,150.128265,0.969772518,100.255488,false
502,150.113861,0.969584942,100.455261,false
503,150.104706,0.969359875,100.655261,false
504,150.104706,0.969195545,100.855215,true
505,150.103714,0.968986988,101.055057,false
506,150.10321,0.968870103,101.254921,false
507,150.088837,0.968467653,101.454785,false
508,150.07222,0.969458878,101.65483,false
509,150.066177,0.969017148,101.854921,false
510,150.065002,0.968789458,102.054898,false
511,150.071533,0.968786836,102.254807,false
512,150.071533,0.968720317,102.454626,true
513,150.071228,0.968426466,102.654512,false
514,150.068848,0.967949748,102.854399,false
515,150.059738,0.968498647,103.054331,false
516,150.04834,0.96911329,103.254354,false
517,150.040527,0.968683898,103.454422,false
518,150.02829,0.96859163,103.654444,false
519,150.017456,0.968452692,103.854535,false
520,150.017456,0.968183041,104.054626,true
521,150.019806,0.967910349,104.25458,false
522,150.024368,0.96780622,104.454512,false
523,150.018463,0.967964888,104.654422,false
524,150.010742,0.968803465,104.854467,false
525,149.996353,0.968379796,105.054535,false
526,149.980408,0.968315125,105.254694,false
527,149.968948,0.968290687,105.454898,false
528,149.968948,0.968148351,105.655079,true
529,149.966431,0.967982709,105.855102,false
530,149.966751,0.967528701,106.05517,false
531,149.959198,0.967861414,106.255193,false
532,149.946075,0.968954384,106.455329,false
533,149.938507,0.968555391,106.655556,false
534,149.935593,0.968290508,106.855714,false
535,149.94162,0.968210936,107.055828,false
536,149.941605,0.967843533,107.255828,true
537,149.941559,0.967400491,107.455896,false
538,149.942429,0.967060983,107.655964,false
539,149.938599,0.967758596,107.856009,false
540,149.936234,0.968245089,108.056122,false
541,149.932083,0.96780926,108.256236,false
542,149.931274,0.967775881,108.456372,false
543,149.936661,0.967949629,108.656463,false
544,149.936661,0.967885077,108.856485,true
545,149.937256,0.967969835,109.056553,false
546,149.93924,0.967770159,109.256621,false
547,149.935791,0.96854198,109.456667,false
548,149.935211,0.969349384,109.65678,false
549,149.925751,0.968984962,109.856871,false
550,149.926285,0.969049811,110.057075,false
551,149.934052,0.969150722,110.257166,false
552,149.934052,0.969176114,110.457166,true
553,149.937103,0.969140291,110.657234,false
554,149.942535,0.968726039,110.857279,false
555,149.945404,0.968976974,111.057279,false
556,149.951019,0.969578087,111.257302,false
557,149.94693,0.969177365,111.457279,false
558,149.948685,0.969129741,111.657392,false
559,149.961884,0.969072461,111.857438,false
560,149.961853,0.968780875,112.057324,true
561,149.964706,0.968611121,112.25737,false
562,149.965866,0.96813798,112.45737,false
563,149.957932,0.968605518,112.657392,false
564,149.957932,0.968812168,112.857528,false
565,149.957932,0.96835953,113.057574,false
566,149.964523,0.968140423,113.257619,false
567,149.977798,0.968096495,113.457574,false
568,149.977798,0.967754602,113.657438,true
569,149.977798,0.967241704,113.85746,false
570,149.978027,0.966700733,114.057483,false
571,149.970139,0.966933489,114.257506,false
572,149.965317,0.967468202,114.457619,false
573,149.963577,0.966983259,114.65771,false
574,149.968231,0.96646744,114.857778,false
575,149.985535,0.966318727,115.057755,false
576,149.985535,0.966004968,115.257551,true
577,149.981293,0.966016948,115.457551,false
578,149.972961,0.965868294,115.657619,false
579,149.964417,0.966193795,115.857732,false
580,149.960327,0.966404557,116.057868,false
581,149.949371,0.965920746,116.257959,false
582,149.945251,0.965531707,116.458141,false
583,149.95578,0.965277076,116.658254,false
584,149.95578,0.96534431,116.858186,true
585,149.947556,0.965212584,117.058231,false
586,149.944656,0.964724064,117.25839,false
587,149.936813,0.965343833,117.458481,false
588,149.932266,0.965450525,117.658639,false
589,149.928513,0.964963615,117.858776,false
590,149.927567,0.964458287,118.058912,false
591,149.943512,0.964354873,118.259002,false
592,149.943527,0.964082897,118.458889,true
593,149.940857,0.964146614,118.658957,false
594,149.945145,0.964189351,118.859048,false
595,149.942368,0.965046763,119.059048,false
596,149.9431,0.965155303,119.259138,false
597,149.951309,0.964701295,119.459184,false
598,149.967148,0.964496017,119.659138,false
599,149.995651,0.96436888,119.85898,false
600,149.995651,0.964162409,120.058639,true
601,149.997604,0.964213908,120.258639,false
602,150.002029,0.963897169,120.458617,false
603,150.003387,0.964246511,120.658549,false
604,150.006577,0.964457095,120.858526,false
605,150.002914,0.963979721,121.058458,false
606,149.991364,0.963951111,121.258481,false
607,149.993408,0.963875711,121.458617,false
608,149.993408,0.964173555,121.658594,true
609,149.992752,0.964153588,121.858594,false
610,149.99707,0.96372962,122.058594,false
611,149.997711,0.96382463,122.258526,false
612,150.001266,0.96429354,122.458503,false
613,150.006073,0.96382618,122.658458,false
614,149.989548,0.963755012,122.85839,false
615,149.982239,0.963617444,123.058594,false
616,149.982239,0.963411212,123.258707,true
617,149.986832,0.963294923,123.45873,false
618,149.980835,0.963179708,123.658685,false
619,149.969589,0.962702394,123.858776,false
620,149.964706,0.963495672,124.058934,false
621,149.964539,0.963009417,124.259025,false
622,149.971909,0.962682843,124.45907,false
623,149.973099,0.962191701,124.659002,false
624,149.975922,0.961649835,124.859002,true
625,149.984375,0.961429834,125.05898,false
626,149.997406,0.96123755,125.258889,false
627,150.005341,0.961576462,125.45873,false
628,150.020691,0.961320579,125.658617,false
629,150.036743,0.960766017,125.85839,false
630,150.054276,0.960531414,126.058141,false
631,150.066132,0.960396111,126.257846,false
632,150.066132,0.960676253,126.457619,true
633,150.067688,0.960220933,126.657528,false
634,150.065155,0.960291564,126.857415,false
635,150.054749,0.961151302,127.057347,false
636,150.048492,0.961341679,127.257392,false
637,150.042557,0.960863352,127.457392,false
638,150.023331,0.960966706,127.657392,false
639,150.020889,0.960932791,127.857574,false
640,150.020889,0.960734129,128.057574,true
641,150.013046,0.960713387,128.257528,false
642,150.009827,0.960891843,128.457596,false
643,150.003952,0.960738242,128.657619,false
644,150.001358,0.961200297,128.857664,false
645,149.998459,0.960722148,129.057687,false
646,149.99736,0.960241377,129.25771,false
647,150.007187,0.960092664,129.45771,false
648,150.007187,0.960183382,129.657574,true
649,149.997131,0.960266769,129.857551,false
650,149.978836,0.960377634,130.057664,false
651,149.962601,0.96148634,130.257891,false
652,149.951843,0.962062001,130.458118,false
653,149.946976,0.961652219,130.658299,false
654,149.943604,0.961211264,130.858413,false
655,149.951736,0.960770726,131.058526,false
656,149.951736,0.961139023,131.258481,true
657,149.948227,0.961138248,131.458526,false
658,149.950714,0.960980296,131.658617,false
659,149.954544,0.961925745,131.858639,false
660,149.961868,0.962558448,132.058639,false
661,149.970825,0.962150872,132.258594,false
662,149.96521,0.961893857,132.458503,false
663,149.975479,0.961664438,132.658617,false
664,149.975479,0.962259889,132.858526,true
665,149.972061,0.962221563,133.058549,false
666,149.965866,0.962219596,133.258617,false
667,149.959366,0.962074876,133.45873,false
668,149.962997,0.962317288,133.658844,false
669,149.97113,0.96185106,133.858844,false
670,150.000381,0.961619496,134.058776,false
671,150.03653,0.961536229,134.258413,false
672,150.03653,0.961668074,134.457937,true
673,150.040283,0.961244166,134.657868,false
674,150.045486,0.961058795,134.857755,false
675,150.046051,0.960605621,135.057619,false
676,150.047989,0.961067617,135.257551,false
677,150.039154,0.960547686,135.45746,false
678,150.017883,0.960471928,135.657506,false
679,150.009659,0.960519731,135.857732,false
680,150.009674,0.960737944,136.057823,true
681,150.013763,0.960703015,136.2578,false
682,150.020111,0.960203409,136.457732,false
683,150.014069,0.960036337,136.657619,false
684,149.998627,0.96093291,136.857664,false
685,149.99408,0.960449755,137.057846,false
686,149.979172,0.960413992,137.257891,false
687,149.981247,0.960408807,137.458095,false
688,149.981247,0.960235119,137.658095,true
689,149.978806,0.959727645,137.858118,false
690,149.976181,0.959204853,138.058163,false
691,149.972214,0.959142983,138.258209,false
692,149.964188,0.959437132,138.458277,false
693,149.946243,0.958896935,138.658413,false
694,149.939316,0.958786428,138.858685,false
695,149.932648,0.958848298,139.058844,false
696,149.932648,0.959384799,139.259002,true
697,149.926926,0.959028304,139.45907,false
698,149.924683,0.958509326,139.659229,false
699,149.924683,0.958888173,139.859342,false
700,149.927521,0.959289849,140.059433,false
701,149.936691,0.958790004,140.259478,false
702,149.954544,0.958402812,140.459433,false
703,149.97316,0.958607852,140.659274,false
704,149.985016,0.958075583,140.85907,true
705,149.995682,0.958113611,141.058934,false
706,150.010132,0.957835615,141.258798,false
707,150.023697,0.95821023,141.458594,false
708,150.035553,0.958034277,141.65839,false
709,150.050842,0.95750165,141.858186,false
710,150.049942,0.95750618,142.057914,false
711,150.050415,0.957317293,142.257846,false
712,150.052429,0.957186818,142.457755,true
713,150.057632,0.957338035,142.657642,false
714,150.064697,0.957209289,142.857483,false
715,150.071548,0.956973135,143.057302,false
716,150.080765,0.956416547,143.25712,false
717,150.088547,0.956349969,143.456893,false
718,150.092651,0.956449687,143.656667,false
719,150.097336,0.956808507,143.856485,false
720,150.102921,0.956702352,144.056281,true
721,150.103668,0.95665282,144.256077,false
722,150.104874,0.956871033,144.455918,false
723,150.105087,0.957829297,144.65576,false
724,150.103607,0.957368672,144.855601,false
725,150.099716,0.956871748,145.055465,false
726,150.093628,0.956679225,145.255374,false
727,150.084686,0.957087815,145.455306,false
728,150.076065,0.956916034,145.655283,true
729,150.064896,0.956892729,145.855283,false
730,150.055161,0.956869721,146.055329,false
731,150.047943,0.958069921,146.255351,false
732,150.035934,0.957754254,146.455374,false
733,150.027542,0.957542002,146.655465,false
734,150.018188,0.957449496,146.85551,false
735,150.018692,0.957808316,147.055578,false
736,150.020218,0.957324684,147.255533,true
737,150.021454,0.956998289,147.455488,false
738,150.024841,0.957096219,147.655442,false
739,150.029022,0.957845032,147.855351,false
740,150.033783,0.957380116,148.055261,false
741,150.039398,0.956867158,148.255147,false
742,150.036346,0.957077026,148.455011,false
743,150.034744,0.957131684,148.654989,false
744,150.034668,0.957246125,148.854943,true
745,150.032196,0.957426846,149.054898,false
746,150.029572,0.957724929,149.254875,false
747,150.027374,0.957978487,149.454853,false
748,150.026672,0.957504094,149.65483,false
749,150.025238,0.956994832,149.854785,false
750,150.021133,0.956927478,150.054762,false
751,150.019302,0.957124472,150.254762,false
752,150.018631,0.956926048,150.454739,true
753,150.016907,0.957180321,150.654717,false
754,150.016312,0.957176507,150.854694,false
755,150.013382,0.95805043,151.054671,false
756,150.010757,0.957588136,151.254671,false
757,150.011154,0.957500398,151.454671,false
758,150.008545,0.957570314,151.654649,false
759,150.007996,0.957819641,151.854649,false
760,150.008896,0.957456708,152.054626,true
761,150.00946,0.95756644,152.254603,false
762,150.010223,0.957766593,152.45458,false
763,150.006363,0.958747387,152.654558,false
764,149.999451,0.958309174,152.85458,false
765,149.994629,0.957832456,153.054649,false
766,149.98996,0.957779586,153.254694,false
767,149.980682,0.957787573,153.454762,false
768,149.967865,0.957286835,153.654898,true
769,149.953125,0.956748009,153.855079,false
770,149.935867,0.956634104,154.055306,false
771,149.916443,0.956331193,154.255578,false
772,149.895874,0.955928445,154.455918,false
773,149.877762,0.95534426,154.656304,false
774,149.866104,0.954745293,154.856667,false
775,149.851791,0.95412159,155.056984,false
776,149.840912,0.953471184,155.257347,true
777,149.832932,0.952883065,155.457687,false
778,149.82843,0.952748418,155.658005,false
779,149.826797,0.952186465,155.858277,false
780,149.820847,0.951569021,156.058526,false
781,149.815323,0.95122689,156.258821,false
782,149.807236,0.95086509,156.459116,false
783,149.803375,0.950359106,156.659456,false
784,149.803284,0.950042009,156.859751,true
785,149.806503,0.949361265,157.06,false
786,149.81105,0.948985338,157.260204,false
787,149.819122,0.948310077,157.460385,false
788,149.823807,0.947924316,157.660522,false
789,149.832611,0.947423518,157.86068,false
790,149.843979,0.94696933,158.060794,false
791,149.856033,0.947016716,158.260862,false
792,149.865952,0.946548223,158.460907,true
793,149.878571,0.945970058,158.660952,false
794,149.89325,0.945447981,158.860952,false
795,149.911926,0.945013821,159.060907,false
796,149.929306,0.944794238,159.260794,false
797,149.946945,0.944618285,159.460658,false
798,149.964005,0.944205046,159.660499,false
799,149.981567,0.943821371,159.86034,false
800,149.99884,0.943146646,160.060136,true
801,150.01828,0.943270206,160.259909,false
802,150.034256,0.943396389,160.459637,false
803,150.045242,0.942745447,160.659388,false
804,150.055511,0.942662418,160.859184,false
805,150.065811,0.942857027,161.05898,false
806,150.07843,0.942552984,161.258753,false
807,150.090973,0.942231715,161.458481,false
808,150.10289,0.94177711,161.658209,true
809,150.114639,0.941851974,161.857914,false
810,150.125519,0.942106545,162.057619,false
811,150.136765,0.941911519,162.257302,false
812,150.144058,0.942225933,162.456984,false
813,150.152649,0.94239229,162.656689,false
814,150.160355,0.942660153,162.856372,false
815,150.170609,0.942959905,163.056054,false
816,150.176788,0.943442404,163.255692,true
817,150.180496,0.942915022,163.455374,false
818,150.183899,0.943034649,163.655079,false
819,150.186386,0.94311285,163.854785,false
820,150.190063,0.942905605,164.05449,false
821,150.194077,0.942435384,164.254172,false
822,150.201508,0.94209975,164.453855,false
823,150.203888,0.942352176,164.653492,false
824,150.209808,0.942483544,164.853175,true
825,150.21431,0.941912353,165.052812,false
826,150.218582,0.941972017,165.252472,false
827,150.210953,0.941621482,165.452109,false
828,150.200806,0.941058159,165.651905,false
829,150.183548,0.940723777,165.851746,false
830,150.154327,0.94058311,166.051701,false
831,150.122925,0.939954579,166.251837,false
832,150.096039,0.939681709,166.452041,true
833,150.072006,0.939673245,166.652222,false
834,150.048447,0.939059258,166.852404,false
835,150.019852,0.938782692,167.052608,false
836,150.001389,0.940942109,167.252902,false
837,149.98468,0.940397978,167.453107,false
838,149.955978,0.941193342,167.653311,false
839,149.934158,0.941649675,167.853696,false
840,149.914978,0.942083657,168.054036,true
841,149.899094,0.942017376,168.254376,false
842,149.877213,0.942839324,168.454694,false
843,149.850037,0.942766428,168.655102,false
844,149.826477,0.945426643,168.855624,false
845,149.814941,0.945049882,169.056122,false
846,149.808487,0.945592046,169.256508,false
847,149.810867,0.945421696,169.456825,false
848,149.814133,0.945500672,169.657029,true
849,149.824371,0.946321905,169.857234,false
850,149.83429,0.946104825,170.057324,false
851,149.837479,0.947886586,170.257415,false
852,149.84343,0.949554384,170.457574,false
853,149.838135,0.949232697,170.65771,false
854,149.825165,0.949043512,170.857982,false
855,149.826065,0.949814141,171.058367,false
856,149.828171,0.949918032,171.258571,true
857,149.822952,0.950287461,171.458776,false
858,149.812164,0.949891746,171.65907,false
859,149.804871,0.950158417,171.859433,false
860,149.801743,0.950544655,172.059773,false
861,149.804459,0.950100124,172.260068,false
862,149.814972,0.949714541,172.460295,false
863,149.833099,0.949320138,172.660408,false
864,149.84964,0.950180233,172.860408,true
865,149.867798,0.950145245,173.060408,false
866,149.879929,0.949845433,173.260363,false
867,149.89212,0.949678659,173.460363,false
868,149.901398,0.94994092,173.66034,false
869,149.90657,0.949418545,173.86034,false
870,149.916367,0.949099183,174.060385,false
871,149.930344,0.94865936,174.260363,false
872,149.944107,0.949037194,174.460272,true
873,149.954758,0.948673427,174.660181,false
874,149.965744,0.948158026,174.860113,false
875,149.973816,0.947940886,175.060023,false
876,149.983078,0.947862566,175.259955,false
877,149.987335,0.947263181,175.459864,false
878,149.993195,0.946955979,175.659819,false
879,150.001846,0.946738243,175.859751,false
880,150.010071,0.946448445,176.059637,true
881,150.01918,0.946181834,176.259524,false
882,150.024307,0.945592999,176.459388,false
883,150.029724,0.945517004,176.659274,false
884,150.032745,0.945197999,176.859161,false
885,150.03537,0.944554031,177.05907,false
886,150.035507,0.944210827,177.25898,false
887,150.033615,0.943655252,177.458912,false
888,150.028336,0.943549037,177.658889,true
889,150.021194,0.943068683,177.858912,false
